Method,Silhouette,Calinski-Harabasz,Davies-Bouldin
VAE,0.13100259270214912,15.836916,1.4638327417934704
PCA,0.25974124366873685,16.87961,1.2084294784863063
